Image,IoU,PA
000411_leftImg8bit_0.png,0.53237369,0.666890462
000434_leftImg8bit_0.png,0.989664714,0.989664714
000490_leftImg8bit_0.png,0.981825778,0.982299805
000590_leftImg8bit_0.png,0.878810058,0.895568848
000616_leftImg8bit_0.png,0.516342404,0.543294271
000658_leftImg8bit_0.png,0.975097656,0.975097656
000733_leftImg8bit_0.png,0.880999203,0.908894857
000746_leftImg8bit_0.png,0.965381457,0.966552734
000852_leftImg8bit_0.png,0.600675139,0.672688802
000899_leftImg8bit_0.png,0.585652669,0.585652669
000948_leftImg8bit_0.png,0.88670215,0.89259847
000986_leftImg8bit_0.png,0.81011236,0.862467448
001073_leftImg8bit_0.png,0.839920687,0.901448568
001142_leftImg8bit_0.png,0.725440387,0.764709473
001246_leftImg8bit_0.png,0.551316303,0.695902507
001339_leftImg8bit_0.png,0.933985928,0.934143066
001696_leftImg8bit_0.png,0.549788485,0.694702148
001905_leftImg8bit_0.png,0.752075195,0.752075195
002005_leftImg8bit_0.png,0.999369303,0.999369303
002071_leftImg8bit_0.png,0.822363961,0.856079102
002101_leftImg8bit_0.png,0.721551004,0.769307454
002161_leftImg8bit_0.png,0.894432393,0.907918294
002301_leftImg8bit_0.png,0.643831554,0.706787109
002537_leftImg8bit_0.png,0.913661902,0.92590332
002629_leftImg8bit_0.png,0.896705814,0.90641276
002784_leftImg8bit_0.png,0.911801295,0.914896647
002836_leftImg8bit_0.png,0.948651353,0.950927734
002935_leftImg8bit_0.png,0.907163946,0.925150553
003000_leftImg8bit_0.png,0.87629396,0.892293294
003050_leftImg8bit_0.png,0.887677124,0.911783854
003138_leftImg8bit_0.png,0.939848152,0.943745931
003214_leftImg8bit_0.png,0.935087571,0.953023275
003949_leftImg8bit_0.png,0.789164856,0.861836751
003983_leftImg8bit_0.png,0.840450311,0.899658203
004038_leftImg8bit_0.png,0.922812007,0.929321289
004039_leftImg8bit_0.png,0.878301488,0.900349935
004049_leftImg8bit_0.png,0.868421053,0.869791667
004103_leftImg8bit_0.png,0.802642507,0.840454102
004174_leftImg8bit_0.png,0.887171303,0.903625488
004192_leftImg8bit_0.png,0.83615006,0.856404622
004376_leftImg8bit_0.png,0.921301513,0.953104655
004445_leftImg8bit_0.png,0.860799154,0.860799154
004460_leftImg8bit_0.png,0.544768499,0.628133138
004606_leftImg8bit_0.png,0.938617969,0.963277181
004742_leftImg8bit_0.png,0.685642946,0.846313477
004906_leftImg8bit_0.png,0.697498737,0.756408691
005159_leftImg8bit_0.png,0.887369792,0.890889486
005201_leftImg8bit_0.png,0.815696279,0.875061035
005280_leftImg8bit_0.png,0.895509978,0.938639323
005329_leftImg8bit_0.png,0.935558662,0.961547852
005379_leftImg8bit_0.png,0.966915028,0.967386882
005490_leftImg8bit_0.png,0.919262489,0.93745931
005520_leftImg8bit_0.png,0.940493813,0.959106445
005579_leftImg8bit_0.png,0.792939023,0.825073242
005640_leftImg8bit_0.png,0.63382206,0.6346639
005740_leftImg8bit_0.png,0.707198469,0.76969401
005755_leftImg8bit_0.png,0.774303008,0.799723307
005850_leftImg8bit_0.png,0.730925557,0.799316406
005947_leftImg8bit_0.png,0.981668345,0.981852214
006030_leftImg8bit_0.png,0.854355299,0.877604167
006128_leftImg8bit_0.png,0.899462557,0.907897949
006341_leftImg8bit_0.png,0.959040327,0.959187826
006435_leftImg8bit_0.png,0.791331211,0.818603516
006479_leftImg8bit_0.png,0.78916471,0.820983887
006523_leftImg8bit_0.png,0.869143404,0.897094727
006654_leftImg8bit_0.png,0.811065172,0.858683268
007028_leftImg8bit_0.png,0.699711534,0.762797038
007118_leftImg8bit_0.png,0.81282104,0.85172526
007271_leftImg8bit_0.png,0.803932549,0.871785482
007744_leftImg8bit_0.png,0.807337713,0.855021159
007904_leftImg8bit_0.png,0.620218913,0.620218913
007906_leftImg8bit_0.png,0.535508156,0.661071777
007943_leftImg8bit_0.png,0.999471029,0.999471029
008602_leftImg8bit_0.png,0.985393258,0.985453288
008776_leftImg8bit_0.png,0.770532387,0.828389486
008782_leftImg8bit_0.png,0.973798524,0.976806641
009073_leftImg8bit_0.png,0.763833946,0.793518066
009300_leftImg8bit_0.png,0.819915445,0.918538411
009352_leftImg8bit_0.png,0.918595252,0.922139486
009354_leftImg8bit_0.png,0.860868576,0.900472005
009376_leftImg8bit_0.png,0.760114461,0.827738444
009637_leftImg8bit_0.png,0.921068391,0.946370443
009669_leftImg8bit_0.png,0.742963576,0.785217285
009696_leftImg8bit_0.png,0.718249035,0.824788411
009783_leftImg8bit_0.png,0.641022951,0.651875814
009866_leftImg8bit_0.png,0.956745097,0.968994141
009954_leftImg8bit_0.png,0.972159091,0.974080404
010216_leftImg8bit_0.png,0.631388346,0.631388346
010335_leftImg8bit_0.png,0.569509242,0.703389486
010566_leftImg8bit_0.png,0.862976384,0.885375977
010660_leftImg8bit_0.png,0.973159854,0.973307292
010832_leftImg8bit_0.png,0.91754671,0.942179362
011776_leftImg8bit_0.png,0.881078611,0.920593262
012019_leftImg8bit_0.png,0.517590129,0.572041829
012255_leftImg8bit_0.png,0.927918294,0.932800293
012556_leftImg8bit_0.png,0.920839174,0.929911296
012953_leftImg8bit_0.png,0.95028569,0.951497396
013017_leftImg8bit_0.png,0.95223163,0.953511556
013656_leftImg8bit_0.png,0.679463003,0.709513346
013888_leftImg8bit_0.png,0.702207149,0.77134196
013948_leftImg8bit_0.png,0.669026693,0.669026693
014112_leftImg8bit_0.png,0.937567635,0.938964844
014345_leftImg8bit_0.png,0.946211323,0.954305013
014358_leftImg8bit_0.png,0.792167397,0.820556641
014457_leftImg8bit_0.png,1,1
014495_leftImg8bit_0.png,0.971106104,0.971822103
014519_leftImg8bit_0.png,0.962867728,0.972676595
014534_leftImg8bit_0.png,0.98810055,0.990234375
014647_leftImg8bit_0.png,0.942224225,0.950439453
014659_leftImg8bit_0.png,0.741849694,0.824239095
014776_leftImg8bit_0.png,0.918475073,0.943440755
014810_leftImg8bit_0.png,0.806139792,0.85148112
014863_leftImg8bit_0.png,0.901093956,0.941874186
014953_leftImg8bit_0.png,0.888009001,0.89469401
015110_leftImg8bit_0.png,0.851959988,0.881368001
015247_leftImg8bit_0.png,0.994130953,0.994140625
015265_leftImg8bit_0.png,0.450500488,0.450500488
015281_leftImg8bit_0.png,0.504732133,0.648661296
015287_leftImg8bit_0.png,0.85366027,0.916219076
015326_leftImg8bit_0.png,0.821261997,0.83782959
015598_leftImg8bit_0.png,0.792239081,0.835083008
015650_leftImg8bit_0.png,0.941451891,0.944030762
015773_leftImg8bit_0.png,0.989144683,0.989217122
015812_leftImg8bit_0.png,0.435123681,0.435974121
016309_leftImg8bit_0.png,0.9300492,0.930867513
016373_leftImg8bit_0.png,0.988735737,0.988993327
016649_leftImg8bit_0.png,0.715132589,0.781005859
016941_leftImg8bit_0.png,0.691033254,0.788289388
017012_leftImg8bit_0.png,0.963330192,0.963582357
017080_leftImg8bit_0.png,0.967040945,0.972290039
017099_leftImg8bit_0.png,0.876859287,0.923868815
017159_leftImg8bit_0.png,0.842559648,0.877563477
017329_leftImg8bit_0.png,0.893266728,0.907409668
017383_leftImg8bit_0.png,0.865330067,0.872497559
017425_leftImg8bit_0.png,0.797086935,0.810384115
017444_leftImg8bit_0.png,0.856055557,0.863789876
017990_leftImg8bit_0.png,0.841077255,0.85929362
018037_leftImg8bit_0.png,0.494628571,0.640136719
018275_leftImg8bit_0.png,0.604120556,0.657938639
018287_leftImg8bit_0.png,0.888704859,0.923441569
018547_leftImg8bit_0.png,0.95984342,0.962849935
018614_leftImg8bit_0.png,0.927510579,0.927510579
018763_leftImg8bit_0.png,0.750127841,0.751464844
018926_leftImg8bit_0.png,0.979697587,0.98055013
018989_leftImg8bit_0.png,0.599487305,0.599487305
019016_leftImg8bit_0.png,0.955692177,0.957478841
019119_leftImg8bit_0.png,0.964557844,0.966878255
019242_leftImg8bit_0.png,0.560348784,0.727132161
019666_leftImg8bit_0.png,0.394244189,0.487833659
019696_leftImg8bit_0.png,0.978359842,0.985107422
019793_leftImg8bit_0.png,0.843076649,0.892578125
020071_leftImg8bit_0.png,0.909109477,0.918518066
020123_leftImg8bit_0.png,0.870479672,0.880350749
020264_leftImg8bit_0.png,0.496632167,0.501302083
020357_leftImg8bit_0.png,0.920859103,0.928405762
020391_leftImg8bit_0.png,0.747550339,0.809204102
020541_leftImg8bit_0.png,0.958272298,0.958272298
020729_leftImg8bit_0.png,0.976058769,0.977986654
020764_leftImg8bit_0.png,0.720624249,0.744689941
020947_leftImg8bit_0.png,0.91000393,0.916137695
021155_leftImg8bit_0.png,0.791657214,0.850524902
021198_leftImg8bit_0.png,0.844631093,0.898763021
021376_leftImg8bit_0.png,0.9638088,0.967081706
021466_leftImg8bit_0.png,0.927214088,0.936177572
021603_leftImg8bit_0.png,0.898927242,0.943644206
021881_leftImg8bit_0.png,0.85070688,0.903320313
022077_leftImg8bit_0.png,0.92477331,0.937886556
022119_leftImg8bit_0.png,0.899844659,0.922607422
022166_leftImg8bit_0.png,0.988342285,0.988342285
022172_leftImg8bit_0.png,0.800549923,0.881937663
022209_leftImg8bit_0.png,0.9270973,0.943583171
022262_leftImg8bit_0.png,0.89749003,0.91998291
022553_leftImg8bit_0.png,0.982981025,0.983357747
022564_leftImg8bit_0.png,0.945038609,0.945841471
022683_leftImg8bit_0.png,0.585236529,0.735819499
022873_leftImg8bit_0.png,0.817486711,0.858194987
022984_leftImg8bit_0.png,0.728049685,0.798665365
023319_leftImg8bit_0.png,0.933445467,0.958943685
023487_leftImg8bit_0.png,0.863165972,0.865763346
023687_leftImg8bit_0.png,0.86533061,0.87121582
023764_leftImg8bit_0.png,0.907797507,0.914957682
024385_leftImg8bit_0.png,0.938492814,0.947062174
024436_leftImg8bit_0.png,0.870514021,0.881815592
024639_leftImg8bit_0.png,0.821889795,0.836975098
024684_leftImg8bit_0.png,0.720362741,0.766621908
024702_leftImg8bit_0.png,0.858167369,0.880900065
024723_leftImg8bit_0.png,0.947836009,0.947916667
024763_leftImg8bit_0.png,0.397094727,0.397094727
024901_leftImg8bit_0.png,0.846707119,0.88075765
025784_leftImg8bit_0.png,0.930659171,0.933247884
025798_leftImg8bit_0.png,0.656554467,0.722452799
025975_leftImg8bit_0.png,0.786219938,0.820597331
026034_leftImg8bit_0.png,0.899697418,0.936604818
026076_leftImg8bit_0.png,0.888500635,0.900024414
026223_leftImg8bit_0.png,0.980923994,0.981770833
026312_leftImg8bit_0.png,1,1
026320_leftImg8bit_0.png,0.592841118,0.593851725
026687_leftImg8bit_0.png,0.785149701,0.817504883
026811_leftImg8bit_0.png,0.869442934,0.887613932
026829_leftImg8bit_0.png,0.558120992,0.740681966
026894_leftImg8bit_0.png,1,1
027057_leftImg8bit_0.png,0.940307391,0.942871094
027089_leftImg8bit_0.png,0.913172622,0.91792806
027090_leftImg8bit_0.png,0.70522016,0.813537598
027135_leftImg8bit_0.png,0.87695635,0.892354329
027480_leftImg8bit_0.png,0.960511425,0.966634115
027588_leftImg8bit_0.png,0.893610159,0.946309408
028430_leftImg8bit_0.png,0.96394076,0.965820313
028608_leftImg8bit_0.png,1,1
029233_leftImg8bit_0.png,0.955070969,0.958333333
029585_leftImg8bit_0.png,0.855289935,0.879923503
031754_leftImg8bit_0.png,0.991662849,0.992594401
033782_leftImg8bit_0.png,0.929074303,0.939331055
034626_leftImg8bit_0.png,0.902229211,0.93548584
034965_leftImg8bit_0.png,0.596514825,0.725362142
035416_leftImg8bit_0.png,0.907486561,0.928222656
036371_leftImg8bit_0.png,0.997517904,0.997517904
040477_leftImg8bit_0.png,0.778503418,0.778503418
042063_leftImg8bit_0.png,0.296598208,0.503173828
042355_leftImg8bit_0.png,0.995646159,0.995646159
043554_leftImg8bit_0.png,0.887102463,0.889282227
045182_leftImg8bit_0.png,0.755996291,0.764465332
049801_leftImg8bit_0.png,0.951162461,0.971964518
054202_leftImg8bit_0.png,0.998657227,0.998657227
055387_leftImg8bit_0.png,0.703918457,0.703918457
057621_leftImg8bit_0.png,0.997395833,0.997395833
060156_leftImg8bit_0.png,0.976659926,0.977457682
060296_leftImg8bit_0.png,0.969329695,0.970499674
061195_leftImg8bit_0.png,0.747921402,0.821736654
063917_leftImg8bit_0.png,0.875988475,0.917683919
065571_leftImg8bit_0.png,0.977143814,0.977783203
068328_leftImg8bit_0.png,0.756462985,0.797607422
069314_leftImg8bit_0.png,0.924418605,0.972757975
070079_leftImg8bit_0.png,0.982716101,0.983317057
074255_leftImg8bit_0.png,0.99987793,0.99987793
074922_leftImg8bit_0.png,0.934742437,0.936055501
075880_leftImg8bit_0.png,0.923454572,0.925455729
076428_leftImg8bit_0.png,0.947184245,0.947184245
076552_leftImg8bit_0.png,0.987452582,0.987752279
077742_leftImg8bit_0.png,0.872635363,0.8846639
080681_leftImg8bit_0.png,0.743298169,0.771280924
081958_leftImg8bit_0.png,0.607923105,0.610778809
082786_leftImg8bit_0.png,1,1
083176_leftImg8bit_0.png,0.935175599,0.950317383
086367_leftImg8bit_0.png,0.468690166,0.655619303
087195_leftImg8bit_0.png,0.932150823,0.935017904
088065_leftImg8bit_0.png,0.974953808,0.975179036
088884_leftImg8bit_0.png,0.967876661,0.970581055
089913_leftImg8bit_0.png,0.761968156,0.818115234
091755_leftImg8bit_0.png,0.92450972,0.928263346
093575_leftImg8bit_0.png,0.783112547,0.797810872
094919_leftImg8bit_0.png,0.945088704,0.945088704
095050_leftImg8bit_0.png,0.999023438,0.999023438
097443_leftImg8bit_0.png,0.978312174,0.978312174
098006_leftImg8bit_0.png,0.980050183,0.980265299
100182_leftImg8bit_0.png,0.551865851,0.640604655
102250_leftImg8bit_0.png,0.804893527,0.887410482
102268_leftImg8bit_0.png,1,1
103523_leftImg8bit_0.png,0.887348354,0.957682292
103873_leftImg8bit_0.png,0.969782351,0.969889323
104884_leftImg8bit_0.png,0.952657773,0.953938802
106449_leftImg8bit_0.png,0.688639323,0.688639323
107463_leftImg8bit_0.png,0.971345461,0.973144531
107588_leftImg8bit_0.png,0.959828137,0.961385091
108585_leftImg8bit_0.png,0.979374763,0.981221517
109407_leftImg8bit_0.png,0.921582251,0.931111654
109852_leftImg8bit_0.png,0.92171224,0.92171224
110514_leftImg8bit_0.png,0.534996025,0.678710938
110963_leftImg8bit_0.png,0.338995867,0.466430664
111638_leftImg8bit_0.png,0.973699446,0.974121094
112226_leftImg8bit_0.png,0.311346323,0.617451986
114434_leftImg8bit_0.png,0.801031688,0.912109375
114702_leftImg8bit_0.png,0.987957811,0.98819987
115558_leftImg8bit_0.png,0.892143052,0.895629883
116904_leftImg8bit_0.png,0.914201572,0.933614095
120791_leftImg8bit_0.png,0.955086096,0.958129883
121656_leftImg8bit_0.png,0.871236769,0.872782389
121677_leftImg8bit_0.png,1,1
122363_leftImg8bit_0.png,0.818803201,0.826334635
122739_leftImg8bit_0.png,0.82325466,0.826009115
125671_leftImg8bit_0.png,0.538830248,0.631998698
127170_leftImg8bit_0.png,0.964558919,0.964558919
129236_leftImg8bit_0.png,0.968536645,0.971028646
130727_leftImg8bit_0.png,0.96887184,0.969787598
131082_leftImg8bit_0.png,0.985427824,0.985717773
134728_leftImg8bit_0.png,0.9969073,0.996907552
135596_leftImg8bit_0.png,0.914224402,0.914611816
135722_leftImg8bit_0.png,0.878105503,0.889099121
135775_leftImg8bit_0.png,0.694417318,0.694417318
135934_leftImg8bit_0.png,0.554499561,0.587056478
136105_leftImg8bit_0.png,0.977912846,0.978190104
136578_leftImg8bit_0.png,0.68041101,0.753845215
137651_leftImg8bit_0.png,0.743289209,0.745117188
138732_leftImg8bit_0.png,1,1
139843_leftImg8bit_0.png,0.951206059,0.95320638
141549_leftImg8bit_0.png,0.93189927,0.933207194
141768_leftImg8bit_0.png,0.644365074,0.773111979
143057_leftImg8bit_0.png,0.946555324,0.947916667
145969_leftImg8bit_0.png,0.541889219,0.623087565
146015_leftImg8bit_0.png,0.636769182,0.718383789
150238_leftImg8bit_0.png,0.816467003,0.857869466
151085_leftImg8bit_0.png,0.994480379,0.994791667
153272_leftImg8bit_0.png,0.515371468,0.532714844
158367_leftImg8bit_0.png,0.817877251,0.920369466
158968_leftImg8bit_0.png,1,1
162299_leftImg8bit_0.png,0.989480551,0.989501953
164204_leftImg8bit_0.png,0.98658457,0.986612956
164339_leftImg8bit_0.png,0.761346252,0.876220703
164950_leftImg8bit_0.png,0.886722244,0.935587565
165208_leftImg8bit_0.png,0.780958289,0.849141439
165227_leftImg8bit_0.png,0.963865767,0.969177246
169612_leftImg8bit_0.png,0.520304941,0.667154948
169800_leftImg8bit_0.png,0.925713544,0.930155436
171554_leftImg8bit_0.png,0.811286888,0.873799642
172635_leftImg8bit_0.png,0.912514496,0.912516276
172957_leftImg8bit_0.png,0.448038737,0.448038737
173563_leftImg8bit_0.png,0.506813308,0.709879557
173682_leftImg8bit_0.png,0.9604596,0.96303304
175274_leftImg8bit_0.png,0.779475512,0.81266276
179647_leftImg8bit_0.png,0.949643863,0.962890625
181672_leftImg8bit_0.png,0.940556206,0.941162109
183360_leftImg8bit_0.png,0.995055013,0.995117188
185890_leftImg8bit_0.png,0.92057089,0.926289876
189792_leftImg8bit_0.png,0.664777404,0.710001628
190331_leftImg8bit_0.png,0.885928447,0.892252604
190931_leftImg8bit_0.png,0.85189464,0.856547038
192504_leftImg8bit_0.png,0.570623306,0.677652995
192988_leftImg8bit_0.png,0.962888352,0.966267904
194890_leftImg8bit_0.png,0.994262695,0.994262695
195325_leftImg8bit_0.png,0.824102581,0.894226074
200483_leftImg8bit_0.png,0.978441399,0.978556315
205856_leftImg8bit_0.png,1,1
211987_leftImg8bit_0.png,0.921337425,0.940551758
213899_leftImg8bit_0.png,0.915122012,0.916992188
215065_leftImg8bit_0.png,0.70925994,0.823120117
215673_leftImg8bit_0.png,0.584206138,0.675313314
217657_leftImg8bit_0.png,0.97841256,0.987915039
218832_leftImg8bit_0.png,1,1
219146_leftImg8bit_0.png,0.986327841,0.986612956
221238_leftImg8bit_0.png,0.978085229,0.979085286
223047_leftImg8bit_0.png,0.944242776,0.9453125
223682_leftImg8bit_0.png,0.85819471,0.936523438
224838_leftImg8bit_0.png,1,1
225115_leftImg8bit_0.png,0.874256441,0.879150391
226494_leftImg8bit_0.png,0.988972454,0.990275065
227733_leftImg8bit_0.png,0.893784787,0.934773763
227903_leftImg8bit_0.png,0.992136304,0.9921875
230295_leftImg8bit_0.png,1,1
232545_leftImg8bit_0.png,0.996417376,0.996419271
234582_leftImg8bit_0.png,0.838030815,0.894775391
237699_leftImg8bit_0.png,0.95028784,0.951334635
240938_leftImg8bit_0.png,0.980694662,0.980957031
241715_leftImg8bit_0.png,0.619344814,0.700948079
242674_leftImg8bit_0.png,1,1
243564_leftImg8bit_0.png,1,1
243731_leftImg8bit_0.png,0.934855143,0.934855143
244679_leftImg8bit_0.png,0.990681966,0.990681966
245932_leftImg8bit_0.png,0.911173503,0.911173503
246056_leftImg8bit_0.png,0.800069173,0.800069173
246109_leftImg8bit_0.png,0.943584929,0.943766276
247608_leftImg8bit_0.png,0.846168997,0.936442057
248703_leftImg8bit_0.png,0.992134693,0.9921875
248910_leftImg8bit_0.png,0.961066564,0.967203776
249896_leftImg8bit_0.png,0.911330701,0.918212891
253731_leftImg8bit_0.png,0.907816349,0.916259766
254038_leftImg8bit_0.png,0.805582682,0.805582682
256387_leftImg8bit_0.png,0.951888049,0.961039225
257193_leftImg8bit_0.png,0.740035511,0.740844727
259881_leftImg8bit_0.png,0.784859035,0.793823242
261261_leftImg8bit_0.png,0.757606585,0.893351237
261348_leftImg8bit_0.png,1,1
263316_leftImg8bit_0.png,0.947392394,0.95300293
263384_leftImg8bit_0.png,0.992546128,0.992553711
264247_leftImg8bit_0.png,0.940017103,0.940063477
264440_leftImg8bit_0.png,0.90674081,0.955301921
265876_leftImg8bit_0.png,0.920584932,0.926635742
267119_leftImg8bit_0.png,0.472173864,0.617553711
267876_leftImg8bit_0.png,0.901182452,0.911417643
268519_leftImg8bit_0.png,0.965307427,0.965779622
269357_leftImg8bit_0.png,0.343343322,0.362487793
274090_leftImg8bit_0.png,0.992538839,0.992574056
278236_leftImg8bit_0.png,0.930728627,0.94152832
278763_leftImg8bit_0.png,0.909653264,0.909667969
279773_leftImg8bit_0.png,0.99499877,0.995035807
286197_leftImg8bit_0.png,0.957008125,0.95715332
291212_leftImg8bit_0.png,0.809032596,0.85160319
292033_leftImg8bit_0.png,0.994995117,0.994995117
296571_leftImg8bit_0.png,0.975296149,0.991556803
303594_leftImg8bit_0.png,0.945287169,0.950907389
303691_leftImg8bit_0.png,0.743278214,0.76184082
304409_leftImg8bit_0.png,0.334886763,0.337972005
312515_leftImg8bit_0.png,0.606429698,0.66998291
316862_leftImg8bit_0.png,0.877909248,0.891886393
320173_leftImg8bit_0.png,0.973788825,0.975585938
322074_leftImg8bit_0.png,0.871500651,0.871500651
323983_leftImg8bit_0.png,0.931969436,0.932617188
325435_leftImg8bit_0.png,0.990341248,0.990763346
331073_leftImg8bit_0.png,1,1
333152_leftImg8bit_0.png,0.350310028,0.381795247
335141_leftImg8bit_0.png,0.997678586,0.997680664
335419_leftImg8bit_0.png,0.610709914,0.611755371
338730_leftImg8bit_0.png,0.996886574,0.996887207
339555_leftImg8bit_0.png,0.437525035,0.571472168
341533_leftImg8bit_0.png,0.880635565,0.89469401
343047_leftImg8bit_0.png,0.499653575,0.72084554
345188_leftImg8bit_0.png,0.861002604,0.861002604
346341_leftImg8bit_0.png,0.864053439,0.886962891
351033_leftImg8bit_0.png,0.732791144,0.759358724
356154_leftImg8bit_0.png,0.597900201,0.653259277
357435_leftImg8bit_0.png,1,1
358475_leftImg8bit_0.png,0.735398826,0.776204427
359279_leftImg8bit_0.png,0.968011271,0.96858724
359828_leftImg8bit_0.png,0.624931518,0.818929036
361773_leftImg8bit_0.png,0.984781901,0.984781901
364999_leftImg8bit_0.png,0.826839367,0.93363444
365874_leftImg8bit_0.png,0.838764632,0.880615234
370199_leftImg8bit_0.png,0.998738607,0.998738607
370724_leftImg8bit_0.png,0.790972445,0.893819173
372997_leftImg8bit_0.png,0.942983902,0.954243978
373112_leftImg8bit_0.png,0.950367214,0.952840169
376062_leftImg8bit_0.png,1,1
376614_leftImg8bit_0.png,0.995939911,0.996337891
378357_leftImg8bit_0.png,0.933520387,0.940226237
378539_leftImg8bit_0.png,0.982376513,0.982462565
380010_leftImg8bit_0.png,0.977213542,0.977213542
380341_leftImg8bit_0.png,0.813332684,0.844075521
382112_leftImg8bit_0.png,0.987182617,0.987182617
383620_leftImg8bit_0.png,0.846069336,0.846069336
385555_leftImg8bit_0.png,0.87854217,0.882364909
388661_leftImg8bit_0.png,0.99991862,0.99991862
392964_leftImg8bit_0.png,0.229286671,0.496398926
397882_leftImg8bit_0.png,0.530476888,0.530476888
398503_leftImg8bit_0.png,0.667734802,0.850219727
404966_leftImg8bit_0.png,0.962086035,0.964782715
405880_leftImg8bit_0.png,0.871592974,0.91805013
406929_leftImg8bit_0.png,0.965980401,0.967793783
408519_leftImg8bit_0.png,0.996678959,0.996683757
411206_leftImg8bit_0.png,0.937096906,0.937296549
414746_leftImg8bit_0.png,0.961629232,0.961629232
419015_leftImg8bit_0.png,0.632733452,0.806518555
419324_leftImg8bit_0.png,0.75336312,0.792236328
419355_leftImg8bit_0.png,0.929091217,0.931803385
422755_leftImg8bit_0.png,0.842163086,0.842163086
423524_leftImg8bit_0.png,0.92410098,0.934000651
424514_leftImg8bit_0.png,0.922650454,0.94124349
427031_leftImg8bit_0.png,0.898307185,0.916524251
427132_leftImg8bit_0.png,0.98068527,0.983439128
429139_leftImg8bit_0.png,0.793721517,0.793721517
431140_leftImg8bit_0.png,0.516275406,0.687683105
431662_leftImg8bit_0.png,0.995788574,0.995788574
432321_leftImg8bit_0.png,0.668042162,0.698852539
438597_leftImg8bit_0.png,0.94679311,0.948404948
438787_leftImg8bit_0.png,0.953326857,0.954060872
441374_leftImg8bit_0.png,0.934143545,0.94156901
441440_leftImg8bit_0.png,0.819051869,0.85152181
443193_leftImg8bit_0.png,0.819726231,0.842183431
444314_leftImg8bit_0.png,0.842077967,0.851318359
446410_leftImg8bit_0.png,0.986735026,0.986735026
449910_leftImg8bit_0.png,0.858279419,0.868082682
450659_leftImg8bit_0.png,0.878545184,0.880289714
452744_leftImg8bit_0.png,0.869626123,0.890177409
456925_leftImg8bit_0.png,0.996419271,0.996419271
458200_leftImg8bit_0.png,0.807920792,0.915140788
461854_leftImg8bit_0.png,0.89509476,0.961710612
462138_leftImg8bit_0.png,0.400303075,0.500813802
464874_leftImg8bit_0.png,0.965130931,0.969034831
467672_leftImg8bit_0.png,0.892558305,0.901774089
468830_leftImg8bit_0.png,0.990087113,0.990600586
470016_leftImg8bit_0.png,0.415830017,0.674458822
471875_leftImg8bit_0.png,0.992045085,0.992045085
472179_leftImg8bit_0.png,0.999593099,0.999593099
474509_leftImg8bit_0.png,0.960038797,0.962280273
476678_leftImg8bit_0.png,0.986287435,0.986287435
476713_leftImg8bit_0.png,0.995024876,0.995117188
478843_leftImg8bit_0.png,0.781373844,0.905721029
479507_leftImg8bit_0.png,0.987472501,0.987487793
480826_leftImg8bit_0.png,0.970719081,0.977905273
481556_leftImg8bit_0.png,0.974538129,0.975830078
486389_leftImg8bit_0.png,0.843455423,0.843566895
488190_leftImg8bit_0.png,0.942478409,0.970865885
488344_leftImg8bit_0.png,0.91149977,0.91784668
489937_leftImg8bit_0.png,0.874973124,0.905354818
492095_leftImg8bit_0.png,0.881372971,0.899169922
492168_leftImg8bit_0.png,0.880716029,0.910522461
493930_leftImg8bit_0.png,0.981189545,0.981404622
495952_leftImg8bit_0.png,0.912609309,0.936971029
496631_leftImg8bit_0.png,0.750407899,0.757242839
497226_leftImg8bit_0.png,0.991575676,0.991617839
500110_leftImg8bit_0.png,0.969357877,0.97253418
503253_leftImg8bit_0.png,0.997233073,0.997233073
503459_leftImg8bit_0.png,0.687264681,0.807352702
503750_leftImg8bit_0.png,0.977579753,0.977579753
504596_leftImg8bit_0.png,0.600097656,0.600097656
505367_leftImg8bit_0.png,0.960270642,0.961771647
507296_leftImg8bit_0.png,0.601817335,0.687072754
510712_leftImg8bit_0.png,1,1
511905_leftImg8bit_0.png,0.767547078,0.767944336
515181_leftImg8bit_0.png,0.956348871,0.958007813
516626_leftImg8bit_0.png,0.641537844,0.709391276
520768_leftImg8bit_0.png,0.972688951,0.990641276
522953_leftImg8bit_0.png,0.986994611,0.987284342
523411_leftImg8bit_0.png,0.866103032,0.879170736
524397_leftImg8bit_0.png,0.782864036,0.860839844
528575_leftImg8bit_0.png,0.929992676,0.929992676
529313_leftImg8bit_0.png,0.936787923,0.936787923
529503_leftImg8bit_0.png,0.886128743,0.886128743
530028_leftImg8bit_0.png,0.948971535,0.950032552
532082_leftImg8bit_0.png,0.818362579,0.851318359
533083_leftImg8bit_0.png,0.928584782,0.96891276
534952_leftImg8bit_0.png,0.924449498,0.929707845
537156_leftImg8bit_0.png,0.900928793,0.908203125
543150_leftImg8bit_0.png,0.968921464,0.969116211
544336_leftImg8bit_0.png,0.872183429,0.875244141
545380_leftImg8bit_0.png,0.717840217,0.796508789
547407_leftImg8bit_0.png,0.957834807,0.959920247
548235_leftImg8bit_0.png,0.896580484,0.924316406
553005_leftImg8bit_0.png,1,1
557371_leftImg8bit_0.png,0.924930453,0.925333659
558986_leftImg8bit_0.png,0.989074181,0.989176432
560866_leftImg8bit_0.png,0.682716472,0.773966471
563125_leftImg8bit_0.png,0.850132546,0.898783366
565728_leftImg8bit_0.png,0.736948054,0.795288086
566085_leftImg8bit_0.png,0.989881816,0.990071615
566312_leftImg8bit_0.png,0.978376545,0.979248047
566412_leftImg8bit_0.png,1,1
568321_leftImg8bit_0.png,0.524619394,0.717936198
570064_leftImg8bit_0.png,0.702179401,0.738382975
571635_leftImg8bit_0.png,0.999226888,0.999226888
573367_leftImg8bit_0.png,0.796308335,0.821512858
577999_leftImg8bit_0.png,0.890918894,0.892985026
584884_leftImg8bit_0.png,0.949220064,0.960062663
587946_leftImg8bit_0.png,0.371935316,0.534586589
588062_leftImg8bit_0.png,0.507817774,0.629191081
588442_leftImg8bit_0.png,0.986669384,0.986694336
593472_leftImg8bit_0.png,0.993971556,0.994222005
594675_leftImg8bit_0.png,0.925213573,0.936238607
594781_leftImg8bit_0.png,0.93869409,0.949666341
597097_leftImg8bit_0.png,0.922822817,0.925374349
597111_leftImg8bit_0.png,0.792687157,0.878417969
597358_leftImg8bit_0.png,0.983950744,0.984090169
597662_leftImg8bit_0.png,0.91981352,0.944010417
601555_leftImg8bit_0.png,0.719056802,0.869588216
604374_leftImg8bit_0.png,0.955731457,0.95699056
605752_leftImg8bit_0.png,0.963398149,0.971354167
606044_leftImg8bit_0.png,0.448169759,0.507425944
607235_leftImg8bit_0.png,0.526489258,0.526489258
609250_leftImg8bit_0.png,0.434812404,0.597290039
609901_leftImg8bit_0.png,0.965117983,0.966105143
615048_leftImg8bit_0.png,0.781941394,0.834370931
615814_leftImg8bit_0.png,0.950792566,0.954589844
618038_leftImg8bit_0.png,0.977915448,0.992167155
620428_leftImg8bit_0.png,0.907265848,0.951131185
625576_leftImg8bit_0.png,0.986201282,0.986206055
627946_leftImg8bit_0.png,0.970571335,0.970825195
629677_leftImg8bit_0.png,0.843347433,0.867390951
629695_leftImg8bit_0.png,0.954830818,0.960184733
629696_leftImg8bit_0.png,0.982685229,0.982869466
631022_leftImg8bit_0.png,0.960126776,0.960327148
631312_leftImg8bit_0.png,0.999328613,0.999328613
632871_leftImg8bit_0.png,0.71027921,0.763346354
632936_leftImg8bit_0.png,0.930989583,0.930989583
633260_leftImg8bit_0.png,0.955549635,0.955871582
635727_leftImg8bit_0.png,0.837146238,0.865600586
638413_leftImg8bit_0.png,0.461352034,0.574951172
638859_leftImg8bit_0.png,0.973063151,0.973063151
639432_leftImg8bit_0.png,0.734414462,0.79675293
641413_leftImg8bit_0.png,0.43188528,0.561523438
642172_leftImg8bit_0.png,0.987069154,0.987955729
643550_leftImg8bit_0.png,0.938001745,0.942179362
646566_leftImg8bit_0.png,0.647921831,0.751485189
647350_leftImg8bit_0.png,0.998372396,0.998372396
647961_leftImg8bit_0.png,0.768073106,0.82598877
648360_leftImg8bit_0.png,1,1
648444_leftImg8bit_0.png,0.97257487,0.97257487
652560_leftImg8bit_0.png,0.946286665,0.947469076
653253_leftImg8bit_0.png,0.926859598,0.973673503
653940_leftImg8bit_0.png,0.95200595,0.977681478
656442_leftImg8bit_0.png,0.823445638,0.823445638
660455_leftImg8bit_0.png,0.75535735,0.87109375
662706_leftImg8bit_0.png,0.833508306,0.890299479
662972_leftImg8bit_0.png,0.973064536,0.973795573
664053_leftImg8bit_0.png,0.848510742,0.848510742
664408_leftImg8bit_0.png,0.807514505,0.873779297
670401_leftImg8bit_0.png,0.990306289,0.990315755
671293_leftImg8bit_0.png,0.959594727,0.959594727
672279_leftImg8bit_0.png,0.53676245,0.723510742
672887_leftImg8bit_0.png,0.867439087,0.905029297
673410_leftImg8bit_0.png,0.932210286,0.932210286
674060_leftImg8bit_0.png,0.99987793,0.99987793
676902_leftImg8bit_0.png,0.557042782,0.567749023
677539_leftImg8bit_0.png,0.911624003,0.95715332
678713_leftImg8bit_0.png,0.821956747,0.905700684
680450_leftImg8bit_0.png,0.407836914,0.407836914
682119_leftImg8bit_0.png,0.737839408,0.853068034
683996_leftImg8bit_0.png,0.981581615,0.982259115
684619_leftImg8bit_0.png,0.953231441,0.956420898
687745_leftImg8bit_0.png,0.927653282,0.935302734
689632_leftImg8bit_0.png,0.997148676,0.997151693
692734_leftImg8bit_0.png,0.965972464,0.968221029
695972_leftImg8bit_0.png,0.915048596,0.920511882
712275_leftImg8bit_0.png,0.851130494,0.856933594
712784_leftImg8bit_0.png,0.955375949,0.981465658
713682_leftImg8bit_0.png,0.869645017,0.872843424
714089_leftImg8bit_0.png,0.969998842,0.978922526
716423_leftImg8bit_0.png,1,1
717196_leftImg8bit_0.png,0.97397925,0.974690755
719893_leftImg8bit_0.png,0.97373113,0.991007487
720823_leftImg8bit_0.png,0.760132719,0.829386393
725678_leftImg8bit_0.png,0.933227539,0.933227539
727337_leftImg8bit_0.png,0.929563646,0.944498698
728567_leftImg8bit_0.png,0.952514648,0.952514648
730297_leftImg8bit_0.png,0.908459293,0.914489746
731175_leftImg8bit_0.png,0.917802302,0.922566732
745121_leftImg8bit_0.png,0.949299563,0.953979492
749047_leftImg8bit_0.png,0.898315562,0.90629069
749735_leftImg8bit_0.png,0.700568627,0.821085612
750114_leftImg8bit_0.png,0.637313662,0.711914063
750396_leftImg8bit_0.png,0.990215745,0.990275065
751487_leftImg8bit_0.png,0.992993466,0.993367513
753491_leftImg8bit_0.png,0.870109044,0.884643555
753744_leftImg8bit_0.png,0.913715029,0.921691895
754612_leftImg8bit_0.png,0.930529048,0.944458008
755416_leftImg8bit_0.png,0.884379711,0.903259277
755957_leftImg8bit_0.png,0.994414764,0.998128255
761792_leftImg8bit_0.png,0.971998673,0.97253418
762426_leftImg8bit_0.png,0.960001741,0.962605794
762507_leftImg8bit_0.png,0.855531775,0.857177734
762928_leftImg8bit_0.png,0.958147513,0.962768555
764947_leftImg8bit_0.png,0.954835834,0.956705729
765197_leftImg8bit_0.png,0.885667258,0.944885254
765371_leftImg8bit_0.png,0.627435818,0.754943848
767526_leftImg8bit_0.png,0.989949544,0.989949544
768485_leftImg8bit_0.png,0.550020142,0.727294922
769820_leftImg8bit_0.png,0.819321583,0.889465332
770180_leftImg8bit_0.png,0.917286652,0.934631348
770328_leftImg8bit_0.png,0.936380773,0.961547852
770611_leftImg8bit_0.png,0.354085286,0.354085286
770727_leftImg8bit_0.png,0.988484701,0.988484701
770950_leftImg8bit_0.png,0.872204336,0.93943278
772847_leftImg8bit_0.png,0.906785644,0.932840983
774564_leftImg8bit_0.png,0.963150469,0.963867188
776293_leftImg8bit_0.png,0.922825241,0.931376139
777133_leftImg8bit_0.png,0.989800524,0.990804036
778195_leftImg8bit_0.png,0.966960632,0.973551432
779026_leftImg8bit_0.png,0.730773926,0.730773926
781973_leftImg8bit_0.png,0.802544313,0.829793294
783625_leftImg8bit_0.png,0.843940091,0.937886556
785580_leftImg8bit_0.png,0.742879232,0.742879232
785827_leftImg8bit_0.png,0.983886719,0.983886719
786526_leftImg8bit_0.png,0.836939383,0.848510742
787122_leftImg8bit_0.png,0.97978016,0.981811523
787881_leftImg8bit_0.png,0.867472331,0.867472331
788379_leftImg8bit_0.png,0.812881732,0.917724609
790888_leftImg8bit_0.png,0.899274611,0.911010742
792140_leftImg8bit_0.png,0.640463716,0.671895345
792329_leftImg8bit_0.png,1,1
794303_leftImg8bit_0.png,0.935867135,0.959147135
796507_leftImg8bit_0.png,0.919109327,0.922912598
798613_leftImg8bit_0.png,0.959846128,0.965596517
801227_leftImg8bit_0.png,0.925246026,0.92767334
803671_leftImg8bit_0.png,0.99995931,0.99995931
803711_leftImg8bit_0.png,0.88823583,0.900187174
804487_leftImg8bit_0.png,0.926779353,0.960693359
804555_leftImg8bit_0.png,0.944315592,0.944315592
806254_leftImg8bit_0.png,0.910344406,0.910441081
807309_leftImg8bit_0.png,0.832856364,0.850280762
809101_leftImg8bit_0.png,0.929429995,0.931437174
809409_leftImg8bit_0.png,0.983363383,0.983479818
811498_leftImg8bit_0.png,0.702500753,0.799112956
812467_leftImg8bit_0.png,0.930310548,0.938273112
813520_leftImg8bit_0.png,0.70102946,0.70102946
814086_leftImg8bit_0.png,0.941183858,0.942830404
817084_leftImg8bit_0.png,0.98507395,0.986612956
817356_leftImg8bit_0.png,0.764380741,0.823079427
822584_leftImg8bit_0.png,0.939797963,0.940104167
823716_leftImg8bit_0.png,0.829293636,0.836222331
824708_leftImg8bit_0.png,0.942637676,0.943481445
825174_leftImg8bit_0.png,0.926635742,0.926635742
827164_leftImg8bit_0.png,1,1
830003_leftImg8bit_0.png,0.969738289,0.972005208
832250_leftImg8bit_0.png,0.964469541,0.966715495
834383_leftImg8bit_0.png,0.954768418,0.96097819
836121_leftImg8bit_0.png,0.909423828,0.909423828
837700_leftImg8bit_0.png,0.635440263,0.79699707
838237_leftImg8bit_0.png,0.385477702,0.385477702
839800_leftImg8bit_0.png,0.981180459,0.982381185
840914_leftImg8bit_0.png,0.915229885,0.969991048
841328_leftImg8bit_0.png,0.933677198,0.937215169
841843_leftImg8bit_0.png,0.976696141,0.977050781
842108_leftImg8bit_0.png,0.969294559,0.977701823
842504_leftImg8bit_0.png,0.825914695,0.839986165
843508_leftImg8bit_0.png,0.941218309,0.947875977
845304_leftImg8bit_0.png,0.998575846,0.998575846
847595_leftImg8bit_0.png,0.729243739,0.754313151
848588_leftImg8bit_0.png,0.804282007,0.815877279
849795_leftImg8bit_0.png,0.701033377,0.846374512
849823_leftImg8bit_0.png,0.992915735,0.993041992
850354_leftImg8bit_0.png,0.826104837,0.888163249
853329_leftImg8bit_0.png,0.941789636,0.944783529
853364_leftImg8bit_0.png,0.970907521,0.97257487
856277_leftImg8bit_0.png,0.967900981,0.974568685
856426_leftImg8bit_0.png,0.763625958,0.781534831
857268_leftImg8bit_0.png,0.989013642,0.996297201
862007_leftImg8bit_0.png,0.97893764,0.982381185
862618_leftImg8bit_0.png,0.696615729,0.845703125
863833_leftImg8bit_0.png,0.88037158,0.894938151
866661_leftImg8bit_0.png,0.963581807,0.963948568
870692_leftImg8bit_0.png,0.689086914,0.689086914
870907_leftImg8bit_0.png,1,1
872878_leftImg8bit_0.png,0.844989573,0.859354655
873809_leftImg8bit_0.png,0.97343885,0.976236979
878326_leftImg8bit_0.png,0.950948079,0.950948079
878528_leftImg8bit_0.png,0.724473039,0.750813802
880433_leftImg8bit_0.png,0.84749349,0.84749349
883043_leftImg8bit_0.png,0.973266602,0.973266602
886425_leftImg8bit_0.png,0.724816454,0.77351888
890423_leftImg8bit_0.png,0.909954355,0.920532227
891028_leftImg8bit_0.png,0.97069937,0.973022461
892706_leftImg8bit_0.png,0.99556781,0.995585124
892833_leftImg8bit_0.png,0.99991862,0.99991862
895887_leftImg8bit_0.png,0.996988932,0.996988932
900039_leftImg8bit_0.png,0.974873861,0.974873861
900548_leftImg8bit_0.png,0.93245878,0.935160319
902677_leftImg8bit_0.png,0.919250488,0.919250488
905020_leftImg8bit_0.png,0.772448733,0.808105469
907273_leftImg8bit_0.png,0.675647488,0.810180664
909080_leftImg8bit_0.png,0.93758186,0.937947591
909831_leftImg8bit_0.png,0.82958726,0.862406413
911399_leftImg8bit_0.png,0.356740044,0.398946126
911698_leftImg8bit_0.png,0.868818509,0.872416178
912649_leftImg8bit_0.png,0.801493327,0.801493327
916062_leftImg8bit_0.png,0.355606067,0.665466309
916884_leftImg8bit_0.png,0.736749594,0.762329102
919940_leftImg8bit_0.png,0.729974877,0.831624349
923629_leftImg8bit_0.png,0.994218712,0.994222005
925061_leftImg8bit_0.png,0.845199136,0.846984863
925588_leftImg8bit_0.png,0.932533192,0.935384115
928063_leftImg8bit_0.png,0.923172445,0.923217773
929505_leftImg8bit_0.png,0.948445638,0.948445638
930632_leftImg8bit_0.png,0.76961263,0.76961263
931623_leftImg8bit_0.png,0.991451943,0.991495768
935555_leftImg8bit_0.png,0.96270807,0.968139648
937165_leftImg8bit_0.png,0.825317383,0.825317383
940227_leftImg8bit_0.png,0.902526148,0.922831217
941428_leftImg8bit_0.png,0.658765653,0.767150879
942311_leftImg8bit_0.png,0.336956522,0.46883138
943084_leftImg8bit_0.png,0.998249043,0.998250326
946883_leftImg8bit_0.png,0.942475625,0.972391764
947405_leftImg8bit_0.png,0.992707757,0.992757161
948922_leftImg8bit_0.png,0.902058919,0.902058919
949698_leftImg8bit_0.png,0.929820951,0.930623372
950694_leftImg8bit_0.png,0.905459497,0.906778971
951803_leftImg8bit_0.png,0.832454903,0.862243652
953237_leftImg8bit_0.png,0.934490101,0.970581055
954695_leftImg8bit_0.png,0.907556731,0.957316081
957247_leftImg8bit_0.png,0.982747396,0.982747396
960442_leftImg8bit_0.png,0.922611799,0.925008138
960818_leftImg8bit_0.png,0.926689576,0.934895833
961952_leftImg8bit_0.png,0.971626845,0.973714193
962140_leftImg8bit_0.png,0.907173426,0.944396973
963056_leftImg8bit_0.png,0.903668217,0.958272298
964340_leftImg8bit_0.png,0.951667902,0.953572591
966034_leftImg8bit_0.png,0.956075033,0.956075033
966373_leftImg8bit_0.png,0.660152769,0.782755534
966481_leftImg8bit_0.png,0.992698141,0.992879232
967538_leftImg8bit_0.png,0.860730706,0.885375977
972458_leftImg8bit_0.png,0.96045775,0.960632324
976102_leftImg8bit_0.png,0.969258168,0.970499674
978273_leftImg8bit_0.png,0.990188864,0.990234375
978483_leftImg8bit_0.png,0.868067639,0.879679362
981007_leftImg8bit_0.png,0.852322871,0.86722819
983699_leftImg8bit_0.png,0.584796125,0.754089355
986262_leftImg8bit_0.png,0.576465798,0.576741536
986698_leftImg8bit_0.png,0.859759083,0.883463542
987926_leftImg8bit_0.png,0.939293921,0.940877279
988026_leftImg8bit_0.png,0.727560479,0.754842122
988575_leftImg8bit_0.png,1,1
989490_leftImg8bit_0.png,0.758126899,0.893127441
990596_leftImg8bit_0.png,1,1
990951_leftImg8bit_0.png,0.938406181,0.940795898
991501_leftImg8bit_0.png,0.963824954,0.965657552
993075_leftImg8bit_0.png,0.934400037,0.942362467
995288_leftImg8bit_0.png,0.823023508,0.886962891
998453_leftImg8bit_0.png,0.951212565,0.951212565
999385_leftImg8bit_0.png,0.649780273,0.649780273
